canal,impresiones,clics,costo,ctr_promedio,cpc_promedio
Email marketing,2019328,80692,0,0.03995982822008114,0.0
Google ads,1679893,85338,168753,0.050799664026220714,1.9774660760739646
Meta ads,1572133,64967,142392,0.04132411189129673,2.1917588929764342
